zip_code,median_income,population_below_poverty,unemployed_population
90022,51183,11746,2192
90063,50913,9310,1815
90065,76080,6225,2148
90303,62826,3146,867
90602,54752,3316,636
90660,70620,5627,1244
90720,109847,1455,719
91024,106719,667,291
91106,84782,3063,952
91107,100866,2130,687
91605,53335,8680,2210
91722,82441,2108,1173
91732,56098,9356,1718
91746,77740,3147,1177
91748,73948,4936,1223
91764,60941,9065,1888
91901,93214,1263,580
92122,81438,10965,1742
92274,26132,4483,1280
92509,76568,9920,3133
92544,53885,9702,1902
92557,76174,6613,1837
92571,69444,7581,1729
92807,120435,1578,852
92823,147847,181,23
92887,139750,583,310
93067,75144,21,0
93101,62925,5008,707
93201,33688,480,153
93208,-666666666,68,22
93215,46752,9129,2442
93224,49500,67,13
92592,108412,4891,2110
92129,126371,3337,1642
93606,-666666666,348,89
93662,43894,6414,1114
93675,57321,436,41
93706,31854,16981,2136
93928,-666666666,0,137
94102,53539,6015,1440
94108,64908,2399,302
94114,162529,2186,984
94130,59211,1444,334
94304,143412,312,8
94512,-666666666,0,0
94514,82538,316,118
94539,188596,1762,1228
94550,150061,1929,876
94558,97759,4114,1361
94566,163499,2296,666
94583,159414,1285,833
94588,157203,1876,824
94704,46735,9705,1000
94707,161332,390,212
94710,97917,1061,160
94904,135972,846,258
94933,109953,190,0
95019,59256,669,555
95020,108494,4267,1960
95030,199063,667,282
95128,100198,3523,644
95135,160901,550,369
95232,62361,58,57
95310,34958,263,17
92027,70009,6113,1573
90712,102687,1570,750
95439,-666666666,175,0
95464,50764,654,197
95511,64954,13,0
95524,61792,198,97
95551,61902,163,75
95562,39073,238,204
95618,100876,5422,635
95630,118006,3725,1502
95653,42985,83,0
95668,75667,34,26
95681,49948,32,46
95692,76071,144,134
95742,133710,743,492
95923,-666666666,0,0
95935,-666666666,46,0
95942,174028,99,92
95949,80216,1564,382
95959,70975,2107,506
92028,80775,6311,1243
96052,50729,305,24
96073,101576,200,41
96084,31563,182,18
92130,157333,2668,1516
92121,118155,800,167
90254,142500,803,464
90620,99351,3722,1102
90621,72000,4670,887
90813,41175,15423,2935
91030,109927,1734,590
91202,81665,2249,1029
91204,55847,3601,947
91335,65740,10112,2514
91342,79572,11515,2443
91502,53580,1814,284
91606,54649,7715,1430
91710,86702,7297,1935
91711,100598,1651,1119
92117,91347,5618,1253
92239,35938,7,0
92397,63705,629,93
92555,91839,3881,1405
92563,96604,3925,1929
92567,79962,1462,182
92606,112688,2856,681
92625,162250,771,93
92655,41538,2166,347
92661,171339,343,36
92663,106209,1827,242
92706,80051,4305,1369
93022,97429,249,100
93110,93264,1332,286
93270,42625,1738,449
93426,80066,125,15
93444,93603,1465,367
93541,48681,13,13
93591,48911,781,175
93612,46892,6138,1240
93615,46886,1728,388
93621,-666666666,0,0
93625,58690,1152,181
93665,30844,0,34
93668,50063,143,85
93932,75446,98,12
93933,73856,3215,737
93954,56111,124,0
94015,100208,4195,1950
94109,98567,6591,1845
94123,179143,1116,515
94402,163442,1069,504
94520,68756,4657,959
94542,115956,1298,623
94559,76960,2826,892
94803,96971,1575,594
94901,99136,5468,681
94945,120692,1290,293
94970,122721,64,11
95032,153214,888,570
95039,41154,225,20
95110,98209,2368,503
95126,108503,3809,1024
95127,104518,4533,1806
95207,54951,9047,2268
95222,53674,611,169
95250,-666666666,0,0
95303,115500,228,46
95306,39353,114,31
95323,75197,172,93
95372,82979,113,52
95417,65875,0,0
95466,40625,318,24
95468,71563,178,62
95488,-666666666,33,27
95543,32500,139,8
95587,-666666666,0,0
95608,67766,7373,1904
95610,65972,5152,1519
95638,70313,154,29
95658,108871,160,216
95678,77437,4049,1310
95703,83657,75,46
95814,37595,2665,383
95819,113879,1148,553
95835,104404,1507,842
95838,50161,8153,1545
95920,46875,67,1
95930,-666666666,0,0
95971,58523,647,141
95982,84500,170,97
95984,-666666666,161,40
96006,51964,104,23
96074,45625,2,0
96080,49259,5090,1219
96109,63218,238,30
96125,96406,0,0
96148,81833,0,0
90007,30530,13792,2788
90024,63344,11077,2221
90028,50253,6323,2296
90039,88104,2742,1017
90230,87469,3966,810
90232,98116,1077,442
90248,63620,1093,337
90501,75388,5184,1357
90640,62521,7616,2409
90713,108311,1306,870
91007,84833,3011,759
91304,71039,6222,1667
91381,134115,965,877
91384,111990,1106,731
91401,57493,7942,1428
91790,84505,3370,1269
91906,48100,1047,86
91915,125864,2244,1010
91978,84266,1321,478
92003,89201,520,152
92029,96690,975,215
92059,96500,137,30
92061,43787,456,28
92084,77970,5091,1027
92210,108750,324,79
92241,31478,1560,152
92258,-666666666,269,53
92325,63707,1131,216
92356,36701,2212,345
92373,81557,2710,954
92382,66011,572,111
92394,61270,7512,1504
92408,57197,2619,495
92508,121021,2710,967
92532,92288,3320,938
92570,62764,9427,2214
92590,63938,1096,154
92620,116650,3238,1043
92705,106058,3970,774
93010,95836,2958,1023
93066,106900,127,44
93210,61808,2705,635
93218,26905,237,36
93234,31788,2996,580
93251,46719,32,12
93277,65975,6552,1260
93287,101250,3,0
93516,51012,671,54
93551,93637,3328,1282
93627,-666666666,0,0
93648,38724,5038,321
94014,98879,3146,1185
94019,140460,1256,403
94021,246133,54,23
94027,250001,174,134
94104,56944,68,7
94519,105774,1954,386
94525,89630,198,130
94533,75544,8766,2720
94564,105217,702,529
94569,-666666666,0,0
94590,57254,6788,1474
94601,53433,12053,1778
94806,68012,6890,2379
94903,106919,1594,1148
94925,153101,477,250
94956,76818,90,78
95006,111792,607,455
95037,128381,2187,1071
95206,53830,13147,2645
95209,84387,4664,1599
95247,56313,158,56
95313,41071,228,90
95348,51340,7907,1634
95355,67205,4937,1841
95356,76225,2870,961
95388,48750,2306,915
95426,95369,90,27
95460,58705,46,31
95525,50833,313,122
95616,61213,16602,1936
95628,89923,3298,1049
95636,52639,113,63
95637,52115,54,0
95650,103669,1040,89
95661,88966,2616,818
95666,71648,489,165
95728,96310,0,26
95928,56204,8666,1763
95939,46125,116,22
95950,33309,252,52
95970,65625,139,11
95987,72500,692,121
95993,74188,3153,1377
96007,48996,3468,659
96011,25089,104,27
96040,80875,0,0
96088,53654,261,31
96093,45208,929,211
90001,48011,13996,2300
90005,42398,9590,1007
90029,45004,8459,1960
90044,39434,28398,3745
90240,87107,1771,658
90255,49366,14999,3568
90263,-666666666,0,109
90272,199598,887,306
90732,101738,1308,608
90802,60939,6366,1916
90808,111163,2287,716
91020,65506,1178,349
91108,163654,939,142
91351,85755,3671,894
91411,61914,4395,968
91501,73622,2016,836
91702,68058,7439,2005
91731,48723,5643,1007
91767,63283,9060,1747
91770,61394,7845,1455
92109,92379,3709,877
92126,99376,6031,1941
92399,73647,4678,1589
92583,46844,6238,1444
92629,105014,1356,622
92630,99565,4735,1649
92648,97470,3153,852
92651,129164,1430,957
93021,119139,1666,883
93065,100497,4975,1678
93204,49781,2829,468
93221,61782,2724,848
93254,39375,68,38
93401,78788,3842,631
93440,73375,18,6
93445,66428,832,85
93449,90837,650,102
93513,56466,151,29
93528,-666666666,48,0
93618,46804,9627,1524
93638,49021,15305,3094
93664,106071,17,0
93702,30473,16562,2055
93925,50987,382,15
94028,221667,178,83
94061,119370,2070,1005
94063,80313,4278,549
94121,107158,4493,1022
94132,82557,4045,1642
94521,104141,2468,1146
94553,106557,2906,1400
94556,152965,879,351
94561,102911,3135,1291
94602,107208,2010,887
94608,95716,3982,1188
94801,66476,5285,1084
94939,136604,386,158
95005,87860,405,214
95008,121231,3604,706
95017,59609,61,18
95136,119081,3824,841
95139,157500,124,215
95251,61316,27,0
95258,94464,181,34
95315,62533,2437,801
95367,70248,3163,722
95407,68720,6251,1136
95422,36623,4447,1101
95453,55625,1455,281
95458,49137,434,58
95497,78125,109,12
95526,32500,59,2
95542,27534,517,26
95602,85662,1359,280
95651,-666666666,42,0
95655,94028,444,87
95683,111865,222,70
95829,97009,3300,720
95919,78625,119,8
95941,58654,281,0
96002,60102,5627,833
96019,48586,1707,249
96044,51786,168,70
96063,51250,10,11
96091,44922,62,55
90059,44839,10209,1906
90242,73037,2847,1318
90304,47612,5399,903
90503,97688,2772,951
90605,77482,4466,983
90706,63848,9804,3022
90723,57313,8373,1469
91011,170571,664,263
91331,64375,17440,3033
91354,130557,1397,994
91360,94149,2977,860
91362,119967,2563,948
91423,90783,2437,1880
91737,103679,1455,815
91740,89655,2201,710
91776,65563,4929,1119
91801,66804,5460,1336
91948,-666666666,0,0
92078,91564,4916,998
92104,73447,4916,1575
92110,77579,3474,804
92114,73090,8291,2817
92115,56137,14805,2377
92123,90602,3755,1653
92243,47614,11941,2297
90033,43646,12772,1373
90034,80773,4902,1774
90037,37945,20519,2270
90062,52661,5838,890
90064,103045,2124,476
90067,111299,146,71
90241,72274,4633,1564
90247,61234,7263,1195
90250,60162,14264,3293
90278,126979,1614,864
90402,145742,585,310
90701,74523,1223,529
90742,81528,10,33
91706,68773,9550,2415
91709,104661,5697,2148
91745,88702,4668,1456
91750,93166,2681,1295
91761,76207,6616,2040
91775,94024,1988,584
91911,65074,10632,5986
91916,89531,129,19
91962,130938,26,79
92036,64861,233,65
92037,113676,3578,997
92067,212188,936,69
92086,38152,161,28
92102,54862,7369,1765
92106,114158,1074,306
92173,48967,6188,1454
92230,47500,393,44
92231,42739,7959,2454
92234,50350,10082,1795
92256,44944,625,127
92266,-666666666,0,0
92281,31935,1051,163
92282,41534,331,32
92316,63529,4414,661
92336,96447,8586,2059
92359,58250,982,242
92364,-666666666,5,0
92372,52500,560,71
92384,147000,0,0
92398,55572,94,184
92504,69531,6891,2000
92553,54234,14243,3656
92584,97674,3215,1791
92591,89574,3165,1374
92596,103138,3258,1218
92610,141629,435,444
92708,89478,4933,1541
92802,66429,7270,1253
93030,78522,6751,1689
93206,43889,578,38
93256,34607,1509,286
93267,32003,2944,501
93286,44980,3057,313
93301,31089,5223,919
93313,83312,5318,2167
93432,93017,16,0
93441,94464,27,17
93460,98968,692,110
93461,61250,133,65
93512,42708,4,1
93514,64330,1371,382
93645,-666666666,0,26
93701,23356,4659,538
94022,250001,693,261
94030,126319,1221,536
94037,167888,0,161
94044,130327,1656,773
94115,125550,3546,769
94127,176025,788,370
94306,167043,1872,474
94511,62019,478,79
94530,107621,2095,701
94535,70943,198,87
94536,132568,4768,1374
94592,171000,214,26
94599,65962,241,65
94619,106875,1444,676
94621,40813,7876,1383
94703,87114,2797,772
94951,96155,192,103
95007,-666666666,82,0
95012,69528,1245,382
95113,131094,356,65
95132,130078,3510,1435
95203,46892,3395,671
95230,90417,66,15
95233,114861,25,16
95242,75491,2059,973
95254,101745,0,42
95317,47109,79,19
95326,75388,1081,313
95386,59833,2009,324
95410,70972,128,60
95429,-666666666,0,0
95442,144129,464,96
95443,-666666666,128,18
95451,54189,1528,539
95454,35947,568,203
95459,52415,83,41
95470,63969,556,131
95626,76607,762,131
95682,87974,1869,456
95688,98579,2720,670
95709,71659,1072,129
95726,75213,1031,173
95747,113991,4420,1509
95817,52323,3411,466
95820,55003,7303,1674
95903,51940,88,6
95922,75795,66,16
95932,55284,593,102
95943,71250,138,0
95947,43194,274,90
95953,59875,2014,298
96015,-666666666,175,0
96031,23500,36,3
96037,83723,2,0
96048,52950,68,23
96054,42386,43,12
96058,39821,58,5
96119,-666666666,0,0
96121,73150,0,0
96146,78409,43,11
90011,44616,29775,4786
90036,84315,3761,1562
90222,57101,6955,1267
90301,51498,7018,1651
90305,88910,1570,448
90403,111611,2017,957
90638,92508,2307,1439
90703,108844,2129,1308
90815,100034,3696,1172
91201,59073,3245,1136
91208,104866,959,598
91324,83894,3827,981
91352,58696,6372,1395
91355,95640,2416,892
91356,80872,2982,1007
91607,76092,3502,1398
91755,59285,3552,713
91766,61018,12003,2000
92004,61809,154,49
92203,77281,3369,820
92227,47367,8358,2294
92267,-666666666,0,0
92278,61481,0,10
92284,45511,5666,1219
92501,71204,2169,748
92562,95156,3733,2214
92595,79895,3143,1132
92626,95175,4054,1319
92660,135373,2244,746
92688,116557,2704,876
92694,171121,645,575
92782,125469,1510,412
92821,96700,2529,1187
92833,88725,5311,1873
92841,65934,5255,1115
92869,121712,2026,755
92870,100685,4073,1199
93012,106388,2155,917
93023,80685,1723,581
93041,64208,2639,755
93063,96654,4612,1371
93109,99556,2005,390
93207,20500,62,5
93235,39332,1002,207
93249,35833,451,39
93257,44693,17888,4625
93266,51776,170,21
93283,37015,1008,52
93424,80857,91,0
93437,67917,87,49
93451,70568,689,103
93505,47641,2881,856
93510,101750,841,153
93517,70260,10,0
93601,64634,102,71
93605,63250,35,10
93611,98228,2824,1571
93626,90703,165,48
93631,72786,1032,345
93634,-666666666,13,5
93666,25990,448,36
93908,143750,460,129
94025,169352,2428,907
94080,106352,4423,952
94301,169270,960,314
94403,139631,2758,1133
94546,101445,3193,905
94565,78985,11209,3469
94571,68617,1407,382
94605,77939,5600,1555
94929,171477,0,19
94946,112083,51,19
94964,97932,0,0
95018,109467,368,196
95231,54615,590,126
95312,66429,5,7
95329,57058,312,146
95345,33889,210,85
95346,77557,93,35
95382,75333,3763,993
95383,75313,193,70
95421,61691,226,23
95432,-666666666,61,45
95536,61081,298,147
95553,-666666666,119,0
95568,-666666666,60,30
95607,76726,0,0
95615,58909,42,0
95620,80080,1688,658
95625,85532,9,9
95642,63453,548,131
95648,88167,3602,695
95832,55734,2867,688
95833,69798,4849,1187
95841,53866,3035,358
95916,34050,422,89
95946,68242,716,152
95951,51890,360,98
95956,-666666666,19,6
96001,58673,3936,1133
96029,44327,43,0
96055,61864,752,110
96086,41917,46,8
96087,41875,69,58
90002,42245,15103,2158
90013,21175,5845,700
90018,49644,11398,2034
90040,54567,1476,249
90045,110535,2619,1441
90047,58830,7896,2306
90212,86496,1229,577
90404,75610,2889,759
90744,50965,11086,1836
90745,86981,5205,1727
90803,92230,2585,903
91040,92280,1645,695
91101,72144,4715,466
91307,119452,1217,1120
91350,113028,3590,873
91361,119659,868,357
91405,49232,10789,2364
91733,57500,9313,1418
91762,64383,8061,2154
91786,65542,7352,1539
91913,113415,2436,1838
91963,-666666666,127,1
91980,-666666666,0,0
92008,86046,2576,1069
92019,85067,3903,1157
92020,61830,9245,2464
92040,83692,3676,1551
92060,-666666666,0,0
92065,100645,1634,728
92071,85751,4459,1590
92082,94067,1967,475
92083,68551,4518,1139
92260,61161,4497,626
92301,48819,8040,1489
92327,-666666666,361,87
92536,48182,414,80
92618,112054,4485,1804
92835,117208,1831,609
92860,106065,1562,607
92880,109438,4589,1632
93202,49821,887,95
93219,41012,2359,798
93239,41707,333,54
93260,41382,36,12
93265,67617,407,84
93291,65729,9363,1530
93405,47783,9333,1533
93428,74004,609,166
93518,46250,103,41
93549,58558,20,0
93554,20700,26,0
93651,90482,33,36
93652,38438,187,57
93703,32170,10297,1552
93720,91096,3047,1111
93725,52477,6105,1372
93726,43651,11208,2494
93905,57081,11338,1213
93923,108424,856,221
94010,158316,1501,855
94043,145994,1850,583
94074,167813,0,0
94103,87587,5687,684
94111,141230,730,124
94129,198194,150,67
94560,127619,1717,1167
94574,104848,586,216
94579,91201,2280,616
94609,95693,2878,822
94709,75721,2245,360
94952,92314,1983,761
94954,95724,2610,899
95046,123818,364,156
95066,109894,911,342
95215,49758,4583,694
95316,82275,481,482
95324,70045,886,83
95335,-666666666,0,0
95363,72898,2338,1153
95369,68000,84,18
95448,95938,1630,431
95465,65357,213,25
95494,-666666666,49,0
95545,-666666666,59,0
95547,55521,207,8
95548,38092,247,53
95560,63464,33,57
95563,48864,89,0
95635,62308,120,0
95641,42174,248,21
95645,44297,365,78
95664,79375,51,0
95665,62688,194,68
95673,72438,2507,397
95687,92653,3686,1560
95735,91731,0,0
95746,171325,740,317
95826,65967,6172,1394
95925,21786,100,15
95937,41125,234,50
95960,33910,118,30
95968,31375,235,65
95988,53855,1211,194
96013,47138,995,123
96021,45455,3343,697
96023,33403,227,44
96047,60000,196,67
96065,-666666666,51,26
96067,49324,840,115
96092,62375,55,10
96116,54301,0,0
96122,49167,448,92
96123,-666666666,3,0
96128,76902,76,11
96145,84648,101,0
90014,36429,3620,579
90019,58313,10267,2390
90026,67435,11010,2713
90068,87327,2082,1261
90210,152037,1090,410
90280,55084,14685,4183
90814,81925,1715,360
91203,61384,2626,713
91301,130315,946,573
91321,74986,4651,713
91504,86295,2872,951
91506,85086,1349,701
91723,70428,1930,704
91741,108750,1496,735
91791,87147,2901,1090
91941,94111,2775,1171
91945,67236,3011,1162
91950,48359,9229,2210
92014,162305,567,250
92066,68250,62,0
92070,52500,137,25
92268,44500,36,0
92342,75045,418,48
92358,53403,192,23
92368,36500,329,58
92672,89029,2228,846
92677,119322,4311,2043
92801,65683,10359,2288
92806,77570,4710,952
92832,68287,5027,926
92845,105189,981,372
92882,85819,6680,1775
93003,81501,4430,1323
93103,84853,2098,358
93225,52300,901,336
93241,36741,5155,753
93247,39426,5215,1456
93422,81599,2003,531
93458,59937,8338,1840
93523,63314,258,144
93530,-666666666,0,0
93535,49304,17344,1946
93561,65401,3051,751
93604,87159,0,0
93608,36361,246,47
93609,53084,1024,176
93610,57689,2650,478
93616,43281,770,55
93624,35000,301,28
93630,62706,3290,902
93637,61422,5722,1299
93704,60362,4665,885
93722,62225,14850,3941
93728,38091,4750,1174
93940,85765,3196,835
94062,184479,1526,313
94501,96014,5140,1345
94507,250001,642,182
94538,119206,3029,1459
94563,231373,445,297
94591,91380,4695,2050
94708,192577,516,261
94931,85698,755,196
95004,114063,72,64
95065,116208,498,142
95070,201279,1300,581
95130,143125,647,241
95204,56041,4176,1057
95210,48614,8509,1843
95228,84885,321,150
95305,-666666666,0,0
95311,40577,117,33
95318,45988,0,19
95322,60478,1976,353
95333,53125,372,86
95340,56941,6289,2248
95357,82886,1037,321
95360,64036,1186,687
95366,86116,1899,338
95368,82752,1320,700
95461,52314,308,127
95493,66838,14,0
95537,-666666666,238,49
95569,-666666666,9,0
95621,66280,4058,1382
95684,66702,189,113
95695,68158,4165,953
95822,61988,5948,1753
95823,50832,17593,3280
95831,81626,3990,989
95938,83606,117,176
95969,49681,2737,507
96046,-666666666,19,0
96050,28438,137,18
96051,55966,287,66
96108,81250,10,0
96142,70278,127,8
90023,45991,10374,1775
90038,48786,6080,1143
90077,222982,274,163
90603,104028,1071,565
90746,87713,2020,1186
90804,52122,7496,1081
91344,103329,4080,1864
91436,153304,999,409
91604,119586,2185,1563
91768,62136,5433,1432
91910,70283,9163,3517
92107,84190,2824,567
92116,78697,2578,1159
92131,137987,1345,774
92242,42083,185,26
92276,58814,982,151
90003,42220,20636,2922
90006,37375,15317,2066
90010,70500,412,101
90015,48743,6535,823
90032,59723,8320,2237
90041,90461,2695,881
90042,73152,7477,2582
90056,84387,930,355
90061,47468,7102,664
90211,96111,952,374
90262,57236,10778,3081
90292,121021,2602,827
90504,92636,2846,999
90606,74717,3615,742
90631,86973,6664,2332
90704,77868,477,1
90710,65119,3639,1057
90731,56881,9802,1933
91001,104577,2663,1378
91016,82801,3594,1131
91042,66453,3600,1078
91103,71600,5012,799
91206,74893,4899,1328
91207,85107,1182,193
91345,80759,1756,658
91601,57411,6300,1365
91744,74100,8862,2810
91773,89669,2923,680
91803,66169,4708,579
92273,32961,595,207
92338,-666666666,0,0
92371,62143,3946,979
92377,95953,2445,894
92392,61872,7998,2185
92401,34167,587,58
92410,41060,13646,1525
92503,75415,10232,2155
92506,101670,4129,1220
92518,75741,247,0
92548,53643,1150,346
92549,79276,372,101
92586,44179,1940,642
92587,88771,1826,341
92612,74672,9525,930
92646,102473,3281,1275
92701,53710,11249,1429
92707,86001,6337,1623
92805,71253,11729,1824
93001,66460,4487,966
93205,23051,1142,97
93238,23325,137,2
93244,68750,1,3
93263,45867,5466,808
93531,93850,0,27
93536,84674,7492,1591
93552,66289,5936,1225
93553,62875,251,52
93641,-666666666,87,17
93647,41402,4150,876
93650,38616,764,163
93660,39625,1057,229
93667,62446,348,94
93711,74979,3203,1232
93721,28101,1689,328
93930,57007,2764,168
93953,143750,101,53
94002,159599,1571,803
94024,247604,600,417
94040,139717,2481,690
94060,113056,76,0
94066,112933,2341,1180
94086,145103,2921,1091
94131,172785,1246,596
94509,68224,10212,3283
94541,82690,7588,1826
94545,88764,2392,1092
94555,161175,1045,883
94580,96581,2198,805
94587,120772,4199,1595
94595,78874,622,227
94596,115938,1398,614
94598,156280,859,615
94606,63188,5858,1621
94607,60181,5629,1196
94706,107669,1750,333
94923,66975,22,147
94940,-666666666,0,0
94947,111285,1625,543
94949,96356,758,597
94960,148163,523,407
94965,108901,990,312
94971,109063,8,0
94972,-666666666,0,0
95002,100000,94,38
95062,88204,4069,880
95112,74019,10315,1953
95116,70656,6850,1465
95125,121428,3122,1386
95129,157747,1478,771
95134,153719,2344,494
95219,82078,1531,706
95220,94740,561,241
95236,74613,424,173
95240,55933,8647,2294
95252,81289,776,280
95255,42083,273,0
95301,60993,6448,1682
95338,52280,1803,324
95350,57291,7702,1935
95351,44517,10955,2988
95361,75138,3333,1543
95409,77849,1544,797
95420,132992,2,0
95425,81905,962,100
95427,45722,129,73
95445,59109,184,0
95471,-666666666,113,31
95482,56556,5420,1373
95519,56422,3016,458
95550,86156,5,2
95567,84302,197,14
95570,51458,384,130
95601,42250,7,4
95619,57052,951,240
95624,100453,5407,1828
95662,76079,2978,773
95663,120742,119,78
95669,85758,201,118
95694,87097,1054,141
95713,75369,1015,116
95722,88125,116,125
95815,42276,6303,1294
95824,40979,8998,1111
95828,56190,11568,2514
95843,82000,5199,1361
95864,107115,2246,588
95912,64923,455,89
95914,-666666666,119,0
95954,53547,1797,366
95966,48228,4686,806
95981,-666666666,0,0
96014,34125,17,0
96022,63606,2115,324
96024,48125,198,17
96028,40688,83,39
96068,-666666666,71,7
90004,52775,9951,2331
90012,49905,6961,1347
90025,97791,5116,1706
90058,27708,1277,166
90066,87589,4537,1882
90265,163909,1565,375
90277,104859,1302,763
90623,107956,955,213
90680,69212,4432,1206
90717,75286,2848,329
90740,72226,1239,363
90810,60486,5943,1507
91325,72041,5510,687
91326,120563,1534,849
91754,66218,3709,856
91789,105848,2657,853
92118,108992,1205,348
92139,75576,3006,1268
92154,70846,9569,3350
92211,66202,2906,432
92220,44167,6306,1069
92249,58148,1077,184
92253,76158,5828,1406
92270,84891,2149,782
92304,-666666666,5,0
92305,88846,155,10
92308,54738,7498,1506
92309,38750,121,21
92321,49018,147,54
92324,58589,8660,1892
92333,80000,15,0
92337,84649,3762,1366
92374,78191,5337,1317
92386,38378,578,20
92539,52857,565,88
92543,38686,8295,2134
92551,71947,4374,1347
92657,187396,693,138
92662,127443,37,94
92679,182857,1037,699
92804,66936,14189,2481
92843,70680,5930,1003
92886,129253,2791,1066
93035,85218,1911,734
93040,65625,220,84
93060,63573,4970,858
93108,165764,540,326
93268,45655,5797,897
93402,81494,1493,312
93427,106682,179,46
93442,73701,904,479
93465,99989,375,325
93526,54861,44,7
93534,43247,9679,1237
93560,63936,3713,1162
93628,-666666666,0,0
93643,59452,427,242
93644,55678,1494,262
93673,46406,170,12
93906,75373,6611,1638
93924,127813,573,72
94005,114583,157,246
94105,250001,1012,431
94110,138890,6550,2255
94117,167807,3112,1094
94122,122144,5225,1797
94523,124375,2541,649
94526,163801,1248,714
94567,53813,183,11
94568,148083,2146,1163
94572,78175,1465,380
94576,-666666666,15,0
94586,164063,38,22
94589,71715,3230,1357
94618,169856,970,515
94705,139029,1161,276
94805,89443,796,210
94937,74500,56,15
94941,166934,1543,487
95045,81886,182,130
95054,158212,1480,847
95060,87159,9759,1640
95120,207959,1296,643
95121,111105,3260,1187
95131,139427,2088,1006
95202,17270,2506,211
95212,97775,2213,882
95224,-666666666,0,0
95246,72841,60,7
95365,45640,1306,280
95401,80164,4666,918
95404,86555,3982,951
95405,94411,1411,1079
95423,46833,593,129
95428,41096,710,162
95431,-666666666,37,0
95446,75035,550,180
95450,62679,0,19
95501,43932,4492,1193
95503,57565,4160,949
95605,60309,2465,464
95606,56413,81,9
95623,67961,684,131
95633,75276,584,74
95659,54833,101,3
95670,71732,5908,1821
95674,94722,31,14
95686,40333,345,68
95714,57500,70,14
95721,-666666666,0,0
95736,56845,0,16
95818,88101,2672,706
95827,63936,2845,771
95926,51838,10281,1561
95936,-666666666,0,0
95975,68172,382,8
96009,47153,0,0
96069,65417,330,82
96071,-666666666,11,0
96096,54844,81,11
96103,68526,124,27
96110,61875,0,0
96112,31406,54,9
96126,-666666666,30,0
96137,47697,484,83
96150,62541,2944,829
90016,49958,7725,1529
90017,36870,10352,824
90031,51076,7668,1733
90043,56285,7828,2397
90048,93583,1937,762
90049,133032,2574,774
90057,41748,13464,2046
90071,61895,7,0
90221,53683,9063,1926
90260,70389,3746,1416
90302,54432,4775,1189
90405,96352,2622,1076
90505,95113,2256,833
90670,71318,1927,270
90807,77966,2575,632
91105,137637,930,314
91303,62848,5580,1263
91311,96432,2718,1165
91316,76088,3467,1347
91403,101021,1659,1393
91752,89255,4011,1030
91902,106769,931,823
91931,63455,105,20
91942,66551,5389,1231
92009,138138,2209,1310
92057,81339,5009,1648
92108,80572,2182,693
92113,43958,11511,2343
92119,97965,1369,305
92120,102597,2633,999
92127,147827,1166,1170
92128,104501,2687,1459
92201,44215,12827,3515
92262,55757,5422,1091
92314,56132,1769,412
92320,61067,883,149
92341,34375,80,0
92347,38140,208,30
92405,41631,8645,1187
92602,101459,2364,478
92627,85585,7471,1893
92647,91331,6260,2319
92676,107083,105,39
92780,75626,6800,1454
92808,130818,863,608
92831,80279,5236,1610
92883,107393,2089,883
93013,82231,1224,381
93222,46625,287,3
93245,65631,4467,1157
93262,-666666666,45,0
93280,39425,4502,1033
93306,54450,15853,2379
93429,-666666666,0,0
93434,55511,1834,136
93532,76250,179,105
93550,48002,16422,2881
93563,200625,13,0
93657,60689,7691,736
93705,44509,9705,1798
93901,72434,3367,776
93950,89088,855,424
93955,68772,4073,1143
94107,166430,2865,677
94401,94334,4267,1133
94515,85263,455,161
94544,89657,5735,1891
94549,185950,977,557
94611,136538,2033,632
94924,86806,216,25
95010,81095,1292,90
95014,179702,3309,720
95035,136966,4872,1492
95050,102000,4887,843
95117,104160,2967,998
95123,121404,4268,1635
95223,61331,211,103
95226,-666666666,0,0
95227,99671,138,16
95237,71979,484,85
95330,89653,2645,763
95358,62244,5225,1576
95364,-666666666,0,0
95374,51845,287,70
95380,48137,9048,2047
95385,70189,19,22
95403,79990,3771,1016
95476,87374,2404,904
95546,28083,1237,108
95554,48409,72,0
95564,41875,49,35
95595,-666666666,14,8
95612,117694,9,38
95632,77351,2871,1202
95639,59167,15,15
95690,65742,354,86
95715,-666666666,3,0
95758,92222,5237,2380
95776,84856,2309,493
95821,47056,7580,1308
95842,54146,6541,1381
95918,73977,190,20
95934,-666666666,44,0
95955,47083,293,50
95961,60348,3689,935
96008,64131,229,1
96017,35208,48,0
96039,33523,253,87
96075,-666666666,48,0
96130,56458,1542,218
96132,30714,18,0
96140,88920,103,39
96143,51500,460,28
90027,71651,5908,2036
90245,115846,834,655
90290,129000,283,200
90291,99496,2994,1180
90502,85515,1663,452
90822,-666666666,0,0
91010,83051,2555,1081
91104,78285,4771,880
91367,95212,4492,1828
91739,119397,1683,901
92111,77249,5860,1893
92124,94485,2357,586
92404,49799,11981,2183
92411,44129,7490,918
92505,71139,7114,1858
92530,64270,7993,2020
92582,72701,1987,696
92624,115403,257,121
92692,125115,2365,1233
92844,63598,4079,697
92865,107706,1449,519
92868,69034,3318,762
93105,103156,1888,487
93212,42983,3911,575
93223,44286,2784,480
93243,34006,275,154
93261,20956,1135,369
93274,55269,13951,2291
93292,67433,7500,1042
93312,97615,4049,1897
93436,63966,7518,2051
93463,98116,531,213
93501,41047,1211,177
93603,-666666666,99,0
93656,51830,1227,155
93921,93234,36,1
93927,63696,2561,242
94089,130164,1231,543
94112,105340,7190,2164
94303,120754,3841,1046
94508,111750,311,157
94517,145426,212,431
94603,55692,6482,959
94804,63764,7128,1556
94928,78181,4322,902
94950,153220,14,0
94973,120825,120,64
95003,115633,1132,563
95076,76010,10674,3191
95111,77009,5794,1472
95321,55966,349,98
95327,43313,1209,321
95334,59412,2786,739
95354,52352,3799,1160
95379,56625,276,85
95412,69375,68,24
95444,63396,0,0
95449,60192,254,108
95463,61447,0,0
95527,41328,91,3
95558,65875,93,2
95614,105919,334,123
95646,124167,17,5
95672,111034,257,52
95685,56599,365,137
95693,100479,658,145
95720,-666666666,3,0
95825,45248,11760,1952
95837,145833,26,15
95948,56667,948,391
95963,49937,2343,409
95983,47321,8,0
96016,-666666666,147,19
96025,36538,406,67
96027,56801,261,89
96056,59650,294,26
96061,-666666666,0,0
96076,27619,45,10
96136,-666666666,18,0
96141,69688,124,16
90069,90546,1904,910
90716,61525,2782,283
90805,53299,17843,3976
91205,47160,7519,1471
91306,73894,8342,1974
91340,64479,3916,952
91343,67043,11037,2231
91730,74943,7113,2637
91763,63529,7228,1360
91792,85040,3585,942
91932,59795,3632,1074
91977,71396,7293,2429
92024,125458,2559,1192
92064,115391,2383,1605
92075,104201,637,148
92103,78338,3003,747
92223,86068,6050,1792
92233,40587,1101,162
92251,82394,1385,806
92259,35739,26,0
92264,60318,2817,802
90008,47230,6407,1428
90021,21625,1384,254
90035,99367,1891,818
90046,72457,5472,2496
90201,46109,25563,3340
90220,61279,10480,2231
90249,65397,2860,426
90266,153926,1114,843
90270,50996,5484,907
90274,181776,1001,372
90275,145816,1537,836
90293,104814,663,573
90401,95217,1185,387
90601,76177,2945,771
90604,77898,2943,978
90630,102263,3244,1022
90650,77425,10102,2837
90715,74471,1775,651
90743,142000,34,5
90806,57037,8595,1428
91006,105011,2604,731
91214,108583,1360,780
91302,149724,2410,1102
91320,125093,2811,749
91364,110525,1859,1124
91377,137047,517,412
91406,61880,8457,2003
91505,89021,3216,1250
91602,81795,1590,1204
91701,100653,1611,811
91724,84679,2561,1224
91759,97109,7,0
91765,101161,3222,1054
91780,83029,3569,860
91784,133287,1417,580
91914,136833,598,654
91917,-666666666,395,82
91935,106735,560,185
92007,107778,1937,198
92021,60510,13247,2505
92025,56866,9854,1163
92026,76534,4868,1402
92054,63355,4441,1587
92056,85047,3678,1279
92069,77618,4920,1117
92091,165132,116,11
92101,71077,7027,1583
92225,43822,3532,606
92236,34269,8609,4394
92252,42370,2073,476
92254,26328,2133,547
92275,24750,609,58
92283,27014,663,88
92285,35767,592,105
92310,55986,893,192
92311,46102,8841,960
92313,70200,1088,498
92315,55061,831,117
92328,90962,65,14
92332,-666666666,0,0
92335,58070,15953,3675
92339,63661,131,40
92345,51712,16685,3241
92346,67823,8636,1779
92352,89625,577,209
92354,59320,2999,632
92363,33479,1574,175
92376,59416,13854,4888
92407,72281,11903,3277
92507,54701,11028,2754
92545,48052,5394,1528
92561,51528,263,23
92585,82217,2091,560
92604,112543,2541,1121
92614,107662,3207,551
92649,101466,2957,877
92653,104571,2502,750
92656,116350,2773,1094
92673,149882,1109,621
92675,105524,2825,662
92683,67104,13987,3087
92691,118379,2574,1008
92703,65687,9294,2269
92704,76136,9836,1958
92840,75653,5661,1429
92861,164919,441,54
92866,75562,2765,233
92867,103040,4606,1166
92879,71817,6542,950
92881,119023,1938,681
93004,92074,1882,711
93015,72311,1460,282
93033,68542,12569,2957
93111,117480,1053,274
93117,70878,13167,3203
93203,40045,7033,841
93226,-666666666,4,0
93230,65674,9212,2516
93240,33793,1271,243
93242,49659,488,108
93250,38111,3544,771
93271,71929,193,58
93276,-666666666,14,0
93304,41311,12521,1977
93305,31739,14545,1929
93307,42128,24624,3812
93308,46071,12273,2705
93309,52268,11525,1972
93420,91211,1607,284
93430,67750,451,51
93433,66408,1190,285
93446,76859,3540,753
93450,59886,99,18
93452,49194,28,28
93453,50893,298,17
93454,68954,4439,977
93455,93200,2539,988
93522,-666666666,0,0
93529,100586,65,0
93543,57003,3268,586
93544,38523,289,87
93546,69702,1140,18
93602,66060,328,80
93614,72446,1128,352
93620,45257,1273,613
93622,38391,2931,743
93623,-666666666,2,0
93635,63529,5744,1849
93646,27909,4638,595
93653,83462,135,39
93654,52642,6348,1775
93669,-666666666,0,0
93710,54004,7731,1621
93727,62413,17395,2968
93907,86380,2159,819
93926,70057,900,137
93960,65108,3264,126
93962,-666666666,0,0
94020,183642,73,30
94038,110448,285,8
94041,149291,859,312
94065,173760,632,289
94070,190872,941,695
94087,168228,2542,1247
94116,119800,2576,1385
94118,132201,2608,909
94124,67094,5907,1526
94133,68423,3785,1050
94134,82810,4798,1487
94305,62515,1373,340
94404,155789,1201,639
94502,161518,449,397
94506,200726,1631,429
94510,106739,1913,514
94513,112302,3745,1881
94518,95961,2590,835
94547,110669,1399,513
94552,180681,390,378
94577,89219,3646,1369
94578,71758,6334,1155
94585,81683,2960,863
94610,104919,2218,820
94612,59773,3788,737
94702,85357,2035,459
94920,197000,261,265
94922,112244,83,81
94930,109044,790,504
94938,110789,66,21
94963,146563,0,0
95033,168723,227,226
95041,57734,11,66
95043,105625,75,9
95051,150094,2259,1119
95064,86250,278,893
95073,96052,1371,181
95118,123250,2120,715
95119,122944,550,210
95122,84335,6190,1759
95124,158484,1978,899
95133,98386,4008,1185
95138,166895,1085,533
95140,-666666666,12,0
95148,143641,2790,1348
95205,39013,9313,1023
95225,85532,133,0
95245,70325,173,48
95249,33138,2188,16
95257,72014,133,0
95307,61287,7510,2215
95320,64508,1452,398
95325,-666666666,0,0
95328,46277,869,72
95336,70084,4870,1615
95337,86414,3954,1154
95370,62578,3015,892
95376,84670,5892,1500
95415,43864,122,54
95430,-666666666,0,0
95436,75417,541,116
95437,46491,2348,503
95441,111198,161,43
95452,92094,118,0
95456,26127,146,10
95457,39875,684,80
95462,45417,93,75
95469,53000,172,8
95472,95417,2367,672
95485,55276,259,54
95490,52406,2228,619
95492,118773,1323,575
95514,60450,0,0
95521,42636,6221,1677
95528,65096,284,128
95540,47392,2682,485
95549,74931,92,58
95552,19750,289,29
95555,33333,116,3
95556,51552,254,0
95559,2499,53,0
95565,32955,168,37
95571,-666666666,0,0
95573,73051,101,0
95585,21875,167,2
95603,72571,3147,425
95627,81563,504,62
95629,-666666666,82,0
95631,84265,648,158
95634,68672,423,234
95640,69648,904,161
95660,50541,7968,694
95667,74324,3465,920
95675,41607,0,37
95677,88897,2261,807
95689,73864,75,32
95691,80916,5984,1119
95701,85294,100,28
95717,49583,40,0
95762,136203,1768,660
95765,107776,1503,736
95816,70448,1739,378
95830,116838,72,5
95834,77404,4157,954
95901,55128,6703,1117
95910,-666666666,0,42
95917,67730,367,191
95944,-666666666,0,0
95945,51530,2891,399
95957,60625,36,15
95962,-666666666,138,0
95965,35668,5093,691
95973,73817,4032,970
95974,-666666666,0,0
95977,62830,111,47
95978,-666666666,51,19
95979,31667,138,0
95986,63750,0,0
95991,54564,6749,1526
96003,57301,7156,1063
96010,35278,2,2
96020,67208,226,14
96033,44167,46,5
96034,43750,55,14
96035,33750,884,80
96038,52375,74,26
96057,43487,118,29
96059,108102,61,11
96062,78684,176,6
96085,53125,23,0
96090,45625,69,2
96094,54451,1140,201
96097,42559,1918,238
96104,41184,77,25
96105,41563,69,12
96106,-666666666,83,47
96107,43750,194,33
96113,49287,140,135
96114,73319,211,109
96117,53125,94,0
96118,53986,192,41
96120,68250,122,29
96124,-666666666,42,15
96134,44550,525,32
91905,42896,351,29
92240,40456,8064,1318
92257,-666666666,700,23
93285,29194,574,41
93311,93200,3674,929
96101,50845,862,203
96133,-666666666,0,0
91934,37422,480,81
92105,48072,18208,3539
92250,49637,1692,502
